{
    "submissions": [
        {
            "id": "6855b132576e9",
            "firstName": "name",
            "lastName": "fdfd",
            "email": "yaseerahamedafri@gmail.com",
            "phone": "0774248863",
            "comments": "sdsd",
            "timestamp": "2025-06-20 21:06:26",
            "ip_address": "::1"
        },
        {
            "id": "6855b4096731d",
            "firstName": "Jada",
            "lastName": "Stanton",
            "email": "fywidexofi@mailinator.com",
            "phone": "+1 (545) 189-8755",
            "comments": "Consectetur invento",
            "timestamp": "2025-06-20 21:18:33",
            "ip_address": "::1"
        },
        {
            "id": "6855b8cb89e3e",
            "firstName": "Jada",
            "lastName": "Stanton",
            "email": "fywidexofi@mailinator.com",
            "phone": "+1 (545) 189-8755",
            "comments": "Consectetur invento",
            "timestamp": "2025-06-20 21:38:51",
            "ip_address": "::1"
        },
        {
            "id": "6855b93648506",
            "firstName": "Quentin",
            "lastName": "Roberts",
            "email": "maxit77555@cristout.com",
            "phone": "+1 (933) 217-8626",
            "comments": "Et pariatur Quis si",
            "timestamp": "2025-06-20 21:40:38",
            "ip_address": "::1"
        },
        {
            "id": "6855b9aae5581",
            "firstName": "Yuri",
            "lastName": "Arnold",
            "email": "maxit77555@cristout.com",
            "phone": "+1 (339) 483-2895",
            "comments": "Sequi laboriosam al",
            "timestamp": "2025-06-20 21:42:34",
            "ip_address": "::1"
        },
        {
            "id": "6855bb1e6fa80",
            "firstName": "Angela",
            "lastName": "Barnett",
            "email": "maxit77555@cristout.com",
            "phone": "+1 (594) 274-7184",
            "comments": "Ipsa labore tempora",
            "timestamp": "2025-06-20 21:48:46",
            "ip_address": "::1"
        },
        {
            "id": "6855bc219a590",
            "firstName": "Lani",
            "lastName": "Harris",
            "email": "maxit77555@cristout.com",
            "phone": "+1 (534) 996-8403",
            "comments": "Aut dolore reprehend",
            "timestamp": "2025-06-20 21:53:05",
            "ip_address": "::1"
        }
    ]
}